Température,Comptage_final,Pourcentage
Non-Null,63587073,93.80199739445916
Null,4201540,6.198002605540845
