Saison,Comptage_horaire
automne,70.74278640339651
hiver,54.96705683184851
printemps,70.84771651029565
été,68.23523080836742
